,Richmond,El_Cerrito_Norte,El_Cerrito_Plaza,North_Berkeley,Berkeley,Ashby,MacArthur,19_TH,12_TH,Lake_Merritt,Fruitvale,Coliseum,San_Leandro,Bayfair,Hayward,South_Hayward,Union_City,Fremont,Concord,Pleasant_Hill,Walnut_Creek,Lafayette,Orinda,Rockridge,West_Oakland,Embarcadero,Montgomery_Stree,Powell_Street,Civic_Center,16_th,24_TH,Glen_Park,Balboa_Park,Daly_City,Colma,Castro_Valley,Dublin,North_Concord,Pittsburg,South_SF,San_Bruno,SFO,Millbrae,West_Dublin,Oakland_Air,Warm_Springs,Pittsburgh_Center,Antioch
Embarcadero,542.9473684,1105.315789,757.3684211,778.7368421,1129.842105,957.0526316,1381.894737,1895,1731.526316,1249.105263,1220.052632,751.7368421,1024.736842,884.2631579,632.7894737,552.3684211,1101,1624.894737,1113.684211,2221.894737,1739.894737,1074.157895,990.1052632,1270.052632,2400.842105,183.8947368,136.4210526,525.4736842,642.0526316,1130.789474,1831.052632,1321.105263,1664.052632,1436.263158,901.5789474,717.9473684,2627.631579,477,681.8421053,681.4210526,673.1578947,493.3684211,1168.578947,1022.736842,168.7894737,828.1578947,153.1052632,477.3684211
Montgomery,517,1027.894737,684.8947368,703,870,831.4210526,1201.473684,1566.368421,1215.157895,1134.578947,1083.736842,609.7894737,924.6315789,801.6315789,609.9473684,453.4736842,866.0526316,1257.105263,984.1052632,1854.631579,1377,788.8421053,723.3684211,1092.210526,1811.473684,146.8947368,172.5789474,187.8421053,639,1458.526316,2464.684211,1727.736842,2812.578947,2118.473684,1188.631579,598.3157895,1982.263158,415.1578947,646.4210526,872.6842105,819.4210526,512.9473684,1635.736842,783.2105263,120.1578947,781.6315789,127.5263158,401.6315789
Powell,399.2631579,670.5789474,346.2631579,356.8421053,597.4210526,399.6842105,695.3157895,847.9473684,885.7368421,642.4210526,762.1052632,506.5789474,509.7894737,464.3684211,313,228.2105263,315.3684211,410.8947368,425.4210526,518.8947368,429.2631579,209.2105263,197.1052632,439.7894737,1040,767.2105263,310.9473684,131.9473684,348.6315789,1198.684211,1615.842105,1100.631579,2109.421053,1317.421053,562.7894737,248.4736842,688.7894737,215.1578947,394.3684211,445.7368421,439.9473684,1254.736842,726.3684211,302.4736842,128.6315789,275.2631579,96.94736842,247.3684211
Civic_Center,339.3684211,628.7368421,387.9473684,408.1578947,610,492.8421053,769.5789474,919.2631579,767.6315789,599.2631579,779.2631579,400.5263158,467.4210526,423.7368421,296.9473684,236.2105263,308.3157895,340.1052632,406.7894737,559.6315789,406.6842105,236.5789474,201.5263158,533.6842105,940.2631579,660.3157895,645.4210526,336.4210526,84.73684211,566.5789474,966.5789474,772.3157895,1448.842105,867.3684211,542,236.5263158,614.7368421,204.6842105,327.9473684,424.5789474,386.3157895,501.8421053,644.9473684,249.3157895,74.63157895,241.8421053,75.89473684,228.1052632
12_TH,233.4210526,573.0526316,330.0526316,259.4736842,448.5789474,248.4210526,219.3684211,45.42105263,38.63157895,36.52631579,210.3157895,290.1052632,354.6315789,339.7368421,310.1578947,184.7894737,256.2105263,324.3157895,327.5789474,452.1578947,304.5263158,149.6315789,126.4736842,159.7368421,98.52631579,1362.684211,1363.105263,983,956.8421053,351.6842105,313.2631579,197.5789474,219.8421053,235.2105263,132.8421053,128.5789474,270.3684211,140.9473684,229.7368421,94.36842105,90.94736842,151.4210526,161.6842105,128.8947368,57.42105263,139.1052632,57.63157895,180.8947368
19_TH,195.1052632,478.2105263,308.6842105,280.1578947,518.6315789,254.8947368,189.8947368,32.89473684,48.21052632,43.89473684,192.9473684,201.2105263,247.1052632,237.0526316,217.1578947,151.1578947,230.3684211,328.9473684,310.7368421,413.4210526,337.4736842,176.8947368,127.5263158,160.3157895,64,1467.631579,1612.684211,967.8421053,1067,480,341.4210526,171.4210526,157.7894737,157.5263158,75.05263158,73.63157895,232.9473684,140.4736842,184.6842105,71.84210526,73.57894737,102.0526316,131.7368421,125.3157895,41.94736842,140.6842105,58.68421053,135.8947368
16_TH,165.7368421,225.3684211,123.5789474,148.1052632,307.9473684,218.7368421,359.6842105,453.7894737,308.0526316,244.4736842,298.3157895,161.7894737,143.7368421,146.2105263,98.42105263,75.63157895,76.78947368,91.84210526,116.7368421,153.4736842,90,48.57894737,53.63157895,182.6315789,368.0526316,1167.684211,1531.947368,1417.210526,631.5789474,36.68421053,187.8421053,324.5263158,654.6315789,325,159.8947368,68.47368421,188.7368421,56,121.8421053,133.3157895,140.1052632,216.2105263,252.0526316,70.68421053,26.05263158,63.52631579,28.10526316,82.52631579
Berkeley,496.1052632,972.7368421,751.1578947,214.8947368,53.94736842,354.7368421,357.8947368,576.5263158,536.5789474,288.6842105,300.3684211,212.5789474,193.4210526,147.8947368,147,90.26315789,175.1052632,207.9473684,112.3157895,175.9473684,137.4736842,73.15789474,48.42105263,42.78947368,80.68421053,1065.421053,1062.842105,752.8421053,802.3684211,336.3684211,287.2105263,155.0526316,139.6842105,147.3157895,37.42105263,64.47368421,120.7894737,39.21052632,74.21052632,36.94736842,48.36842105,141,162.3684211,57.21052632,67.10526316,111.7368421,28.47368421,57.47368421
24_TH,161.7368421,178.5263158,64.78947368,91.78947368,257.3684211,126.6315789,216.3157895,318.8947368,274.3684211,150.2105263,221.2105263,137.6842105,95.73684211,82.57894737,59.10526316,45.10526316,37.42105263,32.68421053,75.05263158,76.10526316,61.05263158,36.21052632,32.78947368,108.7894737,227.4210526,1606.315789,2102.578947,1920.315789,1033.526316,207.7368421,52.10526316,276.1052632,650.2631579,279.2105263,130.8947368,30.31578947,74.63157895,33.84210526,95.36842105,98.31578947,120.9473684,185.4210526,229.7368421,37.52631579,26.73684211,26.26315789,22.52631579,59.52631579
Balboa_Park,71.26315789,102.7368421,41.57894737,41.36842105,113.0526316,44.21052632,88.15789474,135.1052632,179.7368421,88.36842105,96.57894737,78.52631579,81.84210526,45.78947368,36.36842105,26.42105263,22,25.47368421,55.94736842,44.78947368,45.73684211,11.26315789,14.89473684,56.21052632,101,1427.894737,1879,2477.052632,1313.789474,584.1052632,619.8421053,141.2105263,50.05263158,119,87.47368421,27,70.84210526,17.52631579,52.84210526,74.26315789,116.9473684,113.1052632,163.6842105,23.84210526,10.15789474,14.84210526,13.05263158,43.89473684
Daly_City,131.5789474,222.4736842,68.47368421,49.47368421,141.9473684,54.68421053,101.5789474,156.4736842,234.6842105,149.3157895,190.1052632,179.7368421,144.8421053,107.3684211,75.42105263,77.36842105,76.05263158,91,135.8421053,95.52631579,75.15789474,31.15789474,25.68421053,44.10526316,89.52631579,1348.315789,1831.263158,1476.421053,856,347.7894737,308.4210526,68.31578947,143.7894737,34.31578947,50.84210526,45.42105263,137.2631579,56.05263158,115.5263158,92.31578947,140,204.7368421,319.3157895,61.36842105,16.57894737,46.78947368,31.89473684,94.68421053
MacArthur,149.1052632,258.4210526,118.5789474,80.36842105,334.3157895,89.26315789,34.78947368,195.4210526,218,68.47368421,172.3157895,176.5263158,126.3684211,91.63157895,92.10526316,54.15789474,75.57894737,107.8421053,157.1052632,190.0526316,148.6842105,56.10526316,52.26315789,56.10526316,48.89473684,1140.789474,1212.105263,821.6842105,863.0526316,398.4210526,222.8421053,81.21052632,101.3157895,96.15789474,24,23.10526316,76.36842105,50.21052632,147.8421053,31.94736842,34.68421053,121.6315789,67.10526316,28.94736842,34.68421053,44,43.63157895,130.8421053
Dublin,16.15789474,28.36842105,11.94736842,13.84210526,125.5263158,21.57894737,75.73684211,227.4736842,265.2631579,188,135.8421053,293.2105263,114.5789474,132.4736842,74.47368421,39.84210526,63.42105263,73.68421053,9.894736842,5.210526316,7.736842105,2.526315789,3.894736842,11.15789474,29.26315789,2162.105263,1942.473684,751.3684211,672.1052632,237.7368421,79.94736842,72,86,139.6315789,19.31578947,121.8947368,47.78947368,1.473684211,4.684210526,23.78947368,15,136.1578947,18.52631579,42.21052632,77.26315789,25.73684211,2.105263158,4.052631579
El_Cerrito_Norte,120.0526316,22.05263158,91.73684211,93.57894737,899.8947368,137.7894737,253.1578947,463.2631579,562.8947368,117.8947368,114.9473684,154,56.73684211,42.78947368,86.10526316,23.84210526,34.68421053,55.84210526,28.36842105,19.47368421,31.52631579,8.315789474,13.15789474,31.52631579,38.57894737,971.5789474,1047.210526,927.3684211,769.2105263,290.4210526,212.3157895,91.84210526,134.1578947,209.5789474,29.78947368,7.157894737,26.42105263,6.842105263,12.73684211,33.10526316,39.52631579,122.1052632,70.57894737,14.36842105,40.73684211,33.94736842,6.631578947,9.631578947
Fruitvale,92,113.7894737,49.31578947,70.10526316,302.5263158,100.7894737,181.2631579,198.5789474,224.8421053,160.8947368,26.73684211,284.5263158,234.2631579,215.5263158,219.3157895,93.47368421,82.63157895,124.8421053,53.15789474,27.89473684,37.94736842,16.57894737,27.68421053,49.31578947,98.89473684,970.3157895,1026.526316,934.7368421,871.5263158,354.8421053,233.8947368,74.78947368,122.0526316,178.3157895,9.631578947,57.89473684,126.7368421,9.105263158,26.89473684,15.42105263,27.47368421,69.89473684,29.31578947,62.84210526,16.68421053,68.15789474,12.05263158,25.21052632
Pleasant_Hill,18.31578947,18.57894737,17.63157895,23.84210526,168,26.21052632,190.7894737,405.8947368,443.6842105,23.73684211,23.36842105,68.78947368,28.78947368,13.73684211,20.57894737,9.052631579,18.15789474,21.94736842,99.42105263,34.94736842,117.1052632,52.05263158,41,143.4736842,14,1722.105263,1819.578947,689.0526316,636.0526316,192.8421053,85.10526316,88.73684211,59.84210526,96.73684211,14.21052632,4.578947368,3.894736842,40.94736842,98.26315789,28.15789474,37.05263158,189.3157895,24.26315789,5,53.84210526,12.36842105,38.21052632,47.84210526
Lake_Merritt,47.52631579,103.4210526,84.21052632,56.63157895,276.2105263,74.05263158,70.68421053,41.89473684,36.89473684,17.78947368,164.8421053,320.9473684,347.4210526,262.7368421,173.2105263,92.26315789,129.4736842,127.2631579,39.89473684,28.36842105,28.10526316,7.789473684,9.526315789,31.42105263,38.63157895,962.4210526,1080.052632,771.6315789,665.0526316,289.5789474,164.2631579,68.31578947,107.6842105,147.0526316,9.210526316,124.2631579,197.1052632,8.684210526,24.78947368,14.21052632,14.89473684,43.89473684,18.73684211,93.94736842,26.10526316,98.31578947,10.89473684,24.47368421
Coliseum,95.31578947,166.4736842,67.89473684,64.26315789,216.2105263,91.31578947,178.9473684,218.8947368,316.6315789,293.5263158,277.3157895,26.52631579,218.2105263,223.2105263,191.7368421,101.4210526,134,180.3157895,83.89473684,72.42105263,69.21052632,35.52631579,35.42105263,57.26315789,99.57894737,647.1578947,621.6842105,568.4210526,459.5789474,166.8947368,144.2105263,70.47368421,90.36842105,163.8947368,17.57894737,93.73684211,312.2631579,23.52631579,55.10526316,23.84210526,28.73684211,44.78947368,35.10526316,123.4210526,48.05263158,180.3157895,31.15789474,51.73684211
West_Oakland,26.15789474,38.10526316,10.63157895,13,70.10526316,22.15789474,46.89473684,63.57894737,105.2105263,27.10526316,102.8947368,107.4210526,36.84210526,40.94736842,35,15.78947368,13.15789474,13.84210526,13.36842105,12.26315789,14.26315789,4.368421053,4.157894737,20.26315789,23.57894737,1877.894737,1600.578947,1084.421053,913.7894737,367.8421053,221.5789474,64.31578947,84.68421053,77.84210526,14.15789474,13.36842105,29.84210526,5.684210526,11.68421053,17.05263158,26.89473684,108.6315789,37.26315789,7.578947368,11.42105263,14.15789474,8,16.10526316
Glen_Park,38.57894737,76.57894737,28.10526316,27.73684211,137.8421053,34.73684211,74.84210526,163.6842105,174.4210526,61.84210526,68.57894737,68.47368421,50.31578947,31.78947368,31.26315789,14.52631579,9.526315789,19.10526316,41.94736842,47.31578947,45,16.73684211,19.31578947,42.52631579,73.57894737,1165,1430.842105,1231.315789,712.7368421,319.7894737,260.3684211,25.21052632,145.9473684,68.42105263,48.94736842,19.21052632,66.84210526,18.52631579,40.36842105,38.78947368,62.26315789,116.2631579,139.3157895,24.42105263,18.31578947,12.68421053,12.47368421,33.94736842
Walnut_Creek,25.42105263,34.26315789,26.21052632,25.26315789,146.7894737,24.36842105,151.3684211,339.9473684,326.3684211,26.73684211,35.57894737,66.47368421,28.68421053,15.42105263,19.94736842,11.57894737,18.68421053,23.84210526,273.1052632,131.1578947,30.21052632,66.57894737,44.31578947,158.5263158,17.26315789,1431.473684,1452.947368,553.5789474,492.2631579,117.8947368,67.84210526,55.31578947,51.52631579,75.47368421,17.57894737,4.263157895,5.789473684,63.94736842,135,22.10526316,25.21052632,180.1052632,28.31578947,3.263157895,48.52631579,7.578947368,57.84210526,90.63157895
Fremont,29.78947368,66.68421053,36.10526316,30.78947368,211.0526316,34.68421053,109.5263158,321.4210526,317,131.4210526,130.0526316,179.3157895,142.4210526,174.1052632,310.0526316,198.7894737,300.2105263,45.57894737,25.10526316,21.42105263,20.68421053,6.157894737,11.26315789,20.73684211,15.05263158,1407.210526,1231.052632,487.8421053,374.8421053,117,33.94736842,23.47368421,34.05263158,82.26315789,7.157894737,31.63157895,69.73684211,7.315789474,17.52631579,6.789473684,9.684210526,40.36842105,4.526315789,31.42105263,28.36842105,43.63157895,4.789473684,13.84210526
San_Leandro,36.57894737,63.94736842,31.10526316,34.52631579,191.8947368,54.15789474,132.2631579,254.1578947,360.3684211,352.8947368,247.8421053,231.9473684,18.42105263,129.8947368,159.5263158,77.21052632,90.26315789,133.1052632,30.84210526,27.73684211,27.21052632,8.052631579,10.84210526,23.57894737,39.42105263,781.3157895,885.6842105,644.4210526,544.5263158,177.2631579,109.3157895,58.73684211,91.52631579,134.8421053,11.10526316,41.47368421,115,10.78947368,19.78947368,14.84210526,13.89473684,49.63157895,12.42105263,49.84210526,10.94736842,65.57894737,10.42105263,14.73684211
Millbrae,28.21052632,68.84210526,30.68421053,37.47368421,152.6842105,35.89473684,62.42105263,123.6315789,141.0526316,19.52631579,28.15789474,28.36842105,11.94736842,10.05263158,7.894736842,4.368421053,3.210526316,3.842105263,28.63157895,24.10526316,22.94736842,10.26315789,9.684210526,23.68421053,39.47368421,1086.842105,1431.947368,724.2631579,581.5789474,226.2105263,193.4736842,121.6842105,181.2105263,317.8947368,85.31578947,3.421052632,19.52631579,7.263157895,24.21052632,72.73684211,37.26315789,239.8421053,46.78947368,8.473684211,6.736842105,1.947368421,6.052631579,18.10526316
SFO,62.26315789,116.4210526,74.84210526,90.42105263,132.5789474,61.94736842,118.3157895,107.1578947,135.4210526,44.84210526,65.89473684,41.57894737,46.21052632,27.63157895,21.84210526,14.94736842,22.21052632,32.05263158,153.1052632,190.2105263,182.5263158,101.6842105,91.52631579,138.3684211,142.1578947,454.5263158,484.7368421,936.2105263,415.4210526,173.6842105,149.8947368,98.10526316,120,199.4210526,137.3157895,21.63157895,124.0526316,66.10526316,138.7368421,56.36842105,58.10526316,45.89473684,203.5263158,35.31578947,17.26315789,14.42105263,19.84210526,94.63157895
Concord,20.15789474,29.42105263,20.89473684,23.63157895,116.5263158,24.73684211,159.6842105,308.5263158,327.1578947,37.63157895,52.68421053,76.15789474,30.78947368,22.26315789,40.89473684,8.526315789,16.15789474,27.26315789,29.21052632,107.2105263,253.4736842,93,52.31578947,104.7368421,15.05263158,892,913.7368421,537.2631579,474.6315789,154.5263158,89.63157895,52.21052632,66.05263158,133.1578947,27.05263158,5.263157895,10.73684211,48.26315789,168.6315789,25.15789474,24.15789474,143.2631579,34.42105263,3.473684211,37,11.31578947,97.31578947,106.0526316
Rockridge,27.26315789,36.31578947,26.84210526,20.68421053,47.84210526,15.84210526,58.63157895,192.5263158,177.0526316,31.94736842,46.31578947,51.68421053,22.84210526,9.368421053,18.26315789,10.15789474,17.57894737,21.89473684,96.89473684,136.6315789,150.1578947,71.15789474,78.31578947,22.21052632,19.36842105,1110.789474,1196.684211,571.8421053,648.2105263,221.3157895,113.4736842,50.89473684,61.10526316,45.68421053,5.578947368,4.736842105,10.84210526,21.89473684,36.05263158,11.31578947,15.36842105,136.7368421,26.15789474,5.421052632,19.47368421,9.052631579,20.78947368,35.26315789
Bayfair,23.63157895,40.15789474,17.15789474,19.15789474,144.1578947,35.84210526,94.05263158,240.3157895,328.3684211,249.5789474,191.8421053,224.6315789,116.2631579,14.84210526,106.2631579,61.42105263,86.26315789,179.5789474,21.63157895,12.15789474,14.36842105,5.789473684,2.684210526,13.10526316,39.89473684,682.4210526,748.2105263,574.3157895,494.8421053,156.4736842,89,33.78947368,56.68421053,107.3684211,11.21052632,48.78947368,128.8947368,6.210526316,10.78947368,11.84210526,14.15789474,28.42105263,9.947368421,68.78947368,6.105263158,61.05263158,4.684210526,7.421052632
Ashby,109.7894737,128.4210526,78.36842105,58.42105263,303.2631579,18.52631579,83.42105263,249.1578947,257.5789474,71.10526316,102.6842105,93.42105263,51.78947368,37,35,18.26315789,33.78947368,36.94736842,24.21052632,26.31578947,27.36842105,8.315789474,6.684210526,12.63157895,21.52631579,754.3157895,799.6315789,472.0526316,532.4210526,232.4210526,123.9473684,32.94736842,46.94736842,53.21052632,10.05263158,10.05263158,19.05263158,8.631578947,15.10526316,9.473684211,13.47368421,58.05263158,35.52631579,14.47368421,26.57894737,24.84210526,6.631578947,12.26315789
El_Cerrito_Plaza,88.26315789,79.84210526,17.73684211,54.10526316,741.1052632,81.21052632,127.7894737,300.1578947,334.9473684,86.78947368,50.78947368,64.94736842,30.21052632,18.36842105,31.36842105,9.157894737,18.05263158,39.21052632,18.36842105,18.47368421,27.05263158,9.578947368,7.631578947,28.47368421,12.52631579,621.1578947,693,447,452.5263158,140.2631579,70.78947368,29.26315789,49.36842105,70.68421053,7.263157895,3.947368421,12.57894737,4.368421053,9.105263158,8.263157895,12.10526316,71.94736842,28.89473684,6.210526316,30.89473684,14.89473684,4.526315789,4.684210526
Hawyard,47,89.47368421,30.47368421,32.73684211,135.0526316,37.31578947,89.36842105,222.8947368,300,154.5789474,226.7368421,197.5263158,171.6315789,101.6315789,21.78947368,106.3157895,211.2631579,299.7894737,38.47368421,18.42105263,20.31578947,6.684210526,6.263157895,19.36842105,33.94736842,488.4210526,557.8421053,363.2105263,319.8947368,106.1578947,61.52631579,34.63157895,42.84210526,69.26315789,7,19.94736842,74.47368421,11.94736842,33.21052632,11.36842105,14.73684211,26.05263158,8.157894737,37.57894737,12.78947368,103.1052632,13.84210526,27.36842105
Union_City,16.31578947,37.89473684,18.63157895,20.05263158,173.2105263,37.68421053,74.05263158,229.3157895,248.7894737,126.6315789,90.31578947,129.1052632,100.3684211,94.68421053,211.4210526,82.26315789,26.52631579,236.5263158,15.47368421,19.26315789,19.21052632,5.526315789,4.789473684,13.36842105,13.94736842,942.4736842,829.2105263,392.5789474,344.7368421,94.31578947,40.63157895,11.31578947,27.68421053,78.78947368,5.578947368,19.68421053,63.05263158,2.421052632,10.21052632,5.842105263,3.421052632,27.15789474,3.368421053,27.84210526,18.78947368,51.63157895,3.789473684,9.736842105
North_Berkeley,78.68421053,84.89473684,50,17.52631579,197.7894737,74.52631579,89.47368421,272.1052632,252.9473684,57.47368421,63.68421053,62.94736842,31.10526316,16.31578947,32.78947368,11.52631579,19.89473684,29.36842105,23.63157895,22.31578947,23.36842105,7.684210526,10.84210526,19.21052632,13.21052632,673.9473684,742.7894737,418.5789474,491.6842105,167.5263158,98.26315789,29.42105263,41.73684211,49.26315789,8.052631579,7.315789474,14.36842105,4.684210526,6.947368421,6.947368421,8.526315789,84.57894737,41.63157895,6.526315789,38.47368421,20.68421053,5.210526316,6.631578947
Colma,15.10526316,28,5.526315789,7.789473684,34.94736842,9.473684211,24.63157895,72.89473684,121.8421053,12.47368421,9,16.68421053,10.05263158,7.473684211,6.631578947,7.105263158,6.894736842,5.052631579,26.73684211,12.73684211,16.89473684,7.157894737,3.210526316,5.578947368,17.31578947,880.8947368,1030,645.3157895,497.6315789,143.3157895,143.9473684,46.15789474,91.05263158,45.57894737,14,5,18.68421053,3.368421053,16.42105263,15.68421053,42.31578947,131.4736842,94.15789474,3.210526316,2,2.789473684,3.684210526,16.63157895
Richmond,20.10526316,116.2105263,87.52631579,77.63157895,446.6315789,99.36842105,133.8421053,170.5263158,207.9473684,45.52631579,88.52631579,79.73684211,34.89473684,22.78947368,40.57894737,18.47368421,14.10526316,29.15789474,12.73684211,19.26315789,22.21052632,5.210526316,8.157894737,26.21052632,30.52631579,431.1052632,425.2631579,451.9473684,357.8947368,189.1052632,188,42.31578947,76.15789474,121.1578947,17.42105263,4.684210526,14.89473684,4.631578947,18.52631579,15.68421053,19.47368421,60.84210526,29.21052632,5.263157895,15.57894737,10.68421053,7.315789474,9.526315789
Pittsburg_Bay_Point,17.52631579,13.73684211,9.105263158,7.210526316,70.21052632,15.84210526,150.6842105,184.9473684,213.6315789,22.94736842,28.05263158,44.52631579,18.52631579,9.631578947,25.26315789,8.631578947,7.631578947,17.15789474,176,82.15789474,135.7894737,24.68421053,17.05263158,41.78947368,12.78947368,517.1052632,537.3157895,467.4210526,409,140.1052632,112.1578947,48.68421053,58.57894737,110.7894737,16.52631579,2.263157895,4.421052632,30.31578947,25.78947368,21.78947368,30.26315789,122.1052632,19.52631579,1.631578947,20.42105263,12.57894737,18.63157895,25.78947368
West_Dublin,5.631578947,15.52631579,7.684210526,8.842105263,58,15.36842105,29.84210526,127.3684211,127,101.1578947,65.89473684,120.7894737,48.84210526,78.78947368,42.73684211,19.05263158,28.78947368,33.52631579,4.105263158,5.157894737,2.578947368,0.421052632,0.789473684,6.263157895,8.736842105,909,833.3684211,355.8947368,308.8421053,90.21052632,42.84210526,26.78947368,30.47368421,66.89473684,2.947368421,67.42105263,63.68421053,1.157894737,2.210526316,9.894736842,6.105263158,43.31578947,8.842105263,16.73684211,38.68421053,13.63157895,1.210526316,2.368421053
San_Bruno,21.05263158,37.31578947,11.10526316,11.78947368,41.78947368,13.47368421,29.84210526,75.42105263,87.42105263,18.84210526,28.21052632,28.42105263,12.57894737,15.47368421,12.26315789,4.736842105,2.578947368,10.26315789,23.94736842,34.31578947,22.42105263,8.578947368,9.210526316,13.42105263,30.15789474,669.5789474,744.3684211,488.2631579,376.4210526,145.4736842,128,67.78947368,133.5263158,149.4736842,42.42105263,7,14.57894737,12.15789474,31.63157895,30.42105263,15.94736842,64.42105263,49.63157895,4.368421053,4.684210526,2.157894737,7.052631579,23.68421053
Warm_Springs,13.78947368,34.21052632,15.26315789,22.26315789,134.3684211,28.73684211,49.26315789,141.6842105,144.3157895,97.21052632,68.84210526,172.8421053,65.94736842,55.36842105,100,49.36842105,44.84210526,33.15789474,10.78947368,13.78947368,7.789473684,3.631578947,5.105263158,9.368421053,17.84210526,714.8947368,757,305.5263158,260.3157895,66.78947368,26.21052632,15.21052632,19.89473684,48.47368421,1.736842105,9.947368421,25.15789474,4.052631579,15.52631579,4.315789474,1.421052632,18.68421053,2.631578947,11.15789474,14.68421053,30.26315789,3.631578947,10.42105263
Lafayette,7.263157895,10.26315789,7.263157895,7.631578947,71.10526316,9.263157895,55.21052632,176.4210526,148.8421053,9.263157895,13.78947368,35.31578947,7.421052632,5.105263158,6.631578947,4.157894737,5.315789474,6.894736842,104.7894737,63.42105263,62.31578947,15.36842105,17.94736842,76.26315789,4.421052632,921.1578947,855.7894737,269.3684211,274.8947368,58,36.36842105,22.42105263,13.68421053,31.94736842,4.578947368,0.947368421,1.736842105,9.578947368,24.36842105,6.631578947,9,98.63157895,12.15789474,1.052631579,25.10526316,3.105263158,13.10526316,16.36842105
South_SF,13.36842105,30,7.789473684,7.157894737,35.05263158,9.263157895,30.57894737,68.47368421,91,15.78947368,18,21.84210526,13.36842105,12,11.26315789,4.684210526,4.368421053,5.947368421,24.73684211,28.26315789,23.57894737,6,8.210526316,13.89473684,19.57894737,657.5789474,775.2631579,475.2631579,409.1578947,125.2105263,102.7894737,38.57894737,83.84210526,89.15789474,16.36842105,4.421052632,20.21052632,8.631578947,21.42105263,16.57894737,28.57894737,65.31578947,68.15789474,9.105263158,3.315789474,4.947368421,4.631578947,22.47368421
Orinda,9.315789474,13.36842105,6.736842105,10.94736842,49.36842105,7.473684211,53.89473684,119.5263158,132.1052632,9.789473684,24.26315789,32.15789474,10.89473684,2.157894737,6.578947368,4.210526316,3.684210526,10.21052632,45.52631579,38.73684211,46.36842105,20.89473684,11.73684211,73.89473684,4.736842105,839.7894737,772.8421053,252,239.8421053,64.42105263,34.05263158,30.89473684,19.89473684,24.26315789,3.368421053,2.894736842,3.526315789,8.210526316,10.57894737,8.157894737,9.473684211,79.89473684,11.68421053,0.631578947,16.10526316,4.578947368,8.789473684,11
South_Hayward,21.68421053,23.57894737,8.947368421,10.26315789,83.21052632,17.89473684,58.05263158,148.3157895,170.5263158,86,91.36842105,104.2105263,71.78947368,65.52631579,90.31578947,14.31578947,82.47368421,143.8421053,8.052631579,8.842105263,10.05263158,2.842105263,3.789473684,7.315789474,18.68421053,438.8947368,408.8421053,258.3157895,256.4210526,79.36842105,46,17.94736842,30.10526316,70.42105263,7.578947368,12.84210526,40.73684211,2.789473684,8.684210526,3.947368421,6.210526316,15.31578947,4.368421053,20.94736842,6.736842105,63.10526316,3.947368421,3.052631579
Antioch,13.21052632,10.52631579,5,6.947368421,53.84210526,11.68421053,126.6315789,125.6315789,183.0526316,25.78947368,24.31578947,51.84210526,16.42105263,8.157894737,26.94736842,5.578947368,7.894736842,16.05263158,113.9473684,53.42105263,89.52631579,15.57894737,9.947368421,35.63157895,17.10526316,384.9473684,348.4736842,300.2631579,269.2105263,103.0526316,64.36842105,45.52631579,49,91,18.31578947,1.631578947,3.894736842,27.52631579,32.31578947,22.31578947,25.52631579,89.05263158,19.31578947,1.684210526,25.36842105,13.57894737,28.10526316,25.05263158
Castro_Valley,5.684210526,7.894736842,4.157894737,6.842105263,63.05263158,10.47368421,21.89473684,76.05263158,123.9473684,120.9473684,50.73684211,90.94736842,40.89473684,51.36842105,18.84210526,12.73684211,17.47368421,33.26315789,6.473684211,4.368421053,3.947368421,1.157894737,3.263157895,4.210526316,15.21052632,572,589,306.8947368,267.5263158,81.42105263,34.52631579,23.52631579,28.36842105,50.63157895,4.473684211,8.157894737,108.7368421,1.631578947,1.842105263,3.789473684,7.368421053,24.26315789,5.842105263,61.31578947,8.842105263,13.89473684,0.947368421,1.473684211
North_Concord,3.947368421,7.052631579,4.736842105,6.210526316,32.57894737,8.578947368,50.57894737,125.1052632,132.5789474,7.684210526,8.473684211,20.47368421,9.578947368,6.631578947,10.42105263,2.315789474,2.578947368,6.842105263,45.10526316,31.78947368,61.89473684,9.842105263,4.684210526,23.78947368,4.842105263,369.0526316,385.1578947,231.3684211,226.1578947,68,38.73684211,17.94736842,20.21052632,49.94736842,4.315789474,1.157894737,1.894736842,11.63157895,26,8.315789474,11.05263158,57.36842105,7.578947368,0.947368421,12.78947368,3.789473684,18.15789474,22.84210526
Oakland_Air,12.94736842,38.21052632,31.84210526,34.94736842,58.52631579,26.94736842,28.42105263,42.89473684,54.21052632,21.10526316,11.68421053,46.89473684,10,5.157894737,11.47368421,6.842105263,20.84210526,25.05263158,37.21052632,52.78947368,40.31578947,20.05263158,15.57894737,15.31578947,8.368421053,176.2105263,135.6842105,104,76.26315789,25.47368421,22.26315789,15.78947368,9.473684211,15.57894737,2.315789474,7,76.63157895,14.10526316,25.89473684,2.473684211,5.842105263,22.84210526,5.894736842,35,9.052631579,12.73684211,2.947368421,20.52631579
Pittsburgh_Center,4.736842105,4.421052632,2.631578947,2.052631579,14.52631579,3,33.26315789,37.21052632,36.42105263,8.157894737,10.10526316,17.26315789,5.315789474,4.421052632,8.894736842,2.368421053,3.842105263,4.210526316,65.57894737,28.94736842,35.26315789,11.05263158,5.368421053,13.57894737,4.263157895,69.94736842,71.15789474,74.73684211,56.47368421,21.47368421,19.15789474,11.10526316,12.89473684,20.05263158,2.947368421,0.789473684,1.315789474,12.42105263,14.78947368,1.736842105,4.526315789,15.94736842,3.578947368,1,3.157894737,2.947368421,5.263157895,21.57894737
