<?xml version="1.0" encoding="UTF-8"?><metadata>
    <idinfo>
        <citation>
            <citeinfo>
                <title>OCACS 2021 State Assembly Legislative Districts Selected Demographic Characteristics</title>
                <geoform>vector digital data</geoform>
            </citeinfo>
        </citation>
        <descript>
            <abstract>US Census American Community Survey (ACS) 2021, 5-year estimates of the key demographic characteristics of State Assembly Legislative Districts (Lower) geographic level in Orange County, California. The data contains 105 fields for the variable groups D01: Sex and age (universe: total population, table X1, 49 fields); D02: Median age by sex and race (universe: total population, table X1, 12 fields); D03: Race (universe: total population, table X2, 8 fields); D04: Race alone or in combination with one or more other races (universe: total population, table X2, 7 fields); D05: Hispanic or Latino and race (universe: total population, table X3, 21 fields), and; D06: Citizen voting age population (universe: citizen, 18 and over, table X5, 8 fields). The US Census geodemographic data are based on the 2021 TigerLines across multiple geographies. The spatial geographies were merged with ACS data tables. See full documentation at the OCACS project GitHub page (https://github.com/ktalexan/OCACS-Geodemographics).</abstract>
            <purpose>Key demographic characteristics of the 2021 American Community Survey (ACS), 5-year estimates for State Assembly Legislative Districts (Lower) in Orange County, California.</purpose>
        </descript>
        <keywords>
            <theme>
                <themekt>None</themekt>
                <themekey>geodemographics</themekey>
                <themekey>Orange County</themekey>
                <themekey>California</themekey>
                <themekey>US Census</themekey>
                <themekey>ACS</themekey>
                <themekey>American Community Survey</themekey>
                <themekey>Demographic Characteristics</themekey>
                <themekey>State Assembly</themekey>
                <themekey>Legislative Districts</themekey>
                <themekey>age</themekey>
                <themekey>sex</themekey>
                <themekey>race</themekey>
                <themekey>Hispanic or Latino</themekey>
                <themekey>citizen</themekey>
                <themekey>voting</themekey>
            </theme>
        </keywords>
        <accconst>None</accconst>
        <useconst>Original datasets from US Census TigerLine Geography (https://www.census.gov/geo/maps-data/data/tiger-line.html), and American FactFinder (https://factfinder.census.gov/) for the selected tables of the American Community Survey (ACS, 2021). Linking and merging geographic with demographic tables along with final production of the merged spatial geodatabase and online datasets are performed by Orange County Public Works, OC Survey Geospatial Services, Dr. Kostas Alexandridis, GISP.</useconst>
        <datacred>Original datasets from US Census TigerLine Geography (https://www.census.gov/geo/maps-data/data/tiger-line.html), and American FactFinder (https://factfinder.census.gov/) for the selected tables of the American Community Survey (ACS, 2021). Linking and merging geographic with demographic tables along with final production of the merged spatial geodatabase and online datasets are performed by Orange County Public Works, OC Survey Geospatial Services, Dr. Kostas Alexandridis, GISP.</datacred>
        <native>Esri ArcGIS 13.1.0.41833</native>
    </idinfo>
    <spdoinfo>
        <direct>Vector</direct>
        <ptvctinf>
            <sdtsterm>
                <sdtstype>GT-polygon composed of chains</sdtstype>
                <ptvctcnt>0</ptvctcnt>
            </sdtsterm>
        </ptvctinf>
    </spdoinfo>
    <eainfo>
        <detailed>
            <enttyp>
                <enttypl>OCACS2021LLD</enttypl>
            </enttyp>
            <attr>
                <attrlabl>OBJECTID</attrlabl>
                <attrdef>Internal feature number.</attrdef>
                <attrdefs>Esri</attrdefs>
                <attrdomv>
                                        
                    <udom>Sequential unique whole numbers that are automatically generated.</udom>
                                    
                </attrdomv>
            </attr>
            <attr>
                <attrlabl>Shape</attrlabl>
                <attrdef>Feature geometry.</attrdef>
                <attrdefs>Esri</attrdefs>
                <attrdomv>
                                        
                    <udom>Coordinates defining the features.</udom>
                                    
                </attrdomv>
            </attr>
            <attr>
                <attrlabl>STATEFP</attrlabl>
            </attr>
            <attr>
                <attrlabl>SLDLST</attrlabl>
            </attr>
            <attr>
                <attrlabl>GEOID</attrlabl>
            </attr>
            <attr>
                <attrlabl>NAMELSAD</attrlabl>
            </attr>
            <attr>
                <attrlabl>LSAD</attrlabl>
            </attr>
            <attr>
                <attrlabl>LSY</attrlabl>
            </attr>
            <attr>
                <attrlabl>MTFCC</attrlabl>
            </attr>
            <attr>
                <attrlabl>FUNCSTAT</attrlabl>
            </attr>
            <attr>
                <attrlabl>ALAND</attrlabl>
            </attr>
            <attr>
                <attrlabl>AWATER</attrlabl>
            </attr>
            <attr>
                <attrlabl>INTPTLAT</attrlabl>
            </attr>
            <attr>
                <attrlabl>INTPTLON</attrlabl>
            </attr>
            <attr>
                <attrlabl>GEOID_Data</attrlabl>
            </attr>
            <attr>
                <attrlabl>Shape_Length</attrlabl>
                <attrdef>Length of feature in internal units.</attrdef>
                <attrdefs>Esri</attrdefs>
                <attrdomv>
                                        
                    <udom>Positive real numbers that are automatically generated.</udom>
                                    
                </attrdomv>
            </attr>
            <attr>
                <attrlabl>Shape_Area</attrlabl>
                <attrdef>Area of feature in internal units squared.</attrdef>
                <attrdefs>Esri</attrdefs>
                <attrdomv>
                                        
                    <udom>Positive real numbers that are automatically generated.</udom>
                                    
                </attrdomv>
            </attr>
        </detailed>
    </eainfo>
    <metainfo>
        <metd>20230505</metd>
        <metstdn>FGDC Content Standard for Digital Geospatial Metadata</metstdn>
        <metstdv>FGDC-STD-001-1998</metstdv>
        <mettc>local time</mettc>
    </metainfo>
</metadata>
